Ecode;TotalECodes;e0;e1;e2;e3;e4
E000.0;26295;102;3062;14521;8447;163
E000.1;195;3;13;78;101;
E000.2;168;;11;90;63;4
E000.8;320089;538;31036;149204;137215;2096
E000.9;103711;235;8506;51839;42654;477
E001.0;32433;257;5895;24866;1371;44
E001.1;13184;194;2527;9806;639;18
E002.0;1481;24;280;1089;83;5
E002.1;93;2;22;65;4;
E002.2;159;4;19;134;2;
E002.3;13;2;4;7;;
E002.4;41;1;7;33;;
E002.5;158;3;24;121;10;
E002.6;174;6;35;121;11;1
E002.7;1065;50;188;816;10;1
E002.8;98;;15;77;6;
E002.9;451;5;81;312;51;2
E003.0;767;40;154;548;24;1
E003.1;527;34;88;384;20;1
E003.2;4682;96;1233;3219;134;
E003.3;22;1;4;16;1;
E003.9;137;2;36;94;5;
E004.0;394;8;52;323;11;
E004.1;9;1;1;7;;
E004.2;48;1;17;30;;
E004.3;10;1;3;5;1;
E004.4;15;1;2;11;1;
E004.9;3093;50;549;2361;127;6
E005.0;1939;37;454;1392;53;3
E005.1;80;4;17;55;4;
E005.2;828;27;151;622;28;
E005.3;1928;34;384;1445;64;1
E005.4;695;28;143;509;15;
E005.9;494;20;95;365;14;
E006.0;7260;163;1527;5268;290;12
E006.1;1335;19;213;1038;63;2
E006.2;592;10;105;458;19;
E006.3;297;5;60;216;16;
E006.4;13443;121;2872;9866;569;15
E006.5;144;8;41;92;3;
E006.6;112;3;29;75;5;
E006.9;1985;51;326;1555;52;1
E007.0;5951;140;1266;4289;254;2
E007.1;533;30;115;352;36;
E007.2;828;21;123;651;32;1
E007.3;9824;277;1853;7300;387;7
E007.4;862;16;143;677;25;1
E007.5;12807;317;2644;9387;456;3
E007.6;17883;561;3992;12694;625;11
E007.7;1488;39;344;1050;54;1
E007.8;1212;26;248;835;100;3
E007.9;1174;37;220;890;25;2
E008.0;599;22;121;424;32;
E008.1;2701;90;568;1934;108;1
E008.2;893;23;176;669;25;
E008.3;186;5;32;145;4;
E008.4;1407;48;274;1028;55;2
E008.9;868;9;183;636;39;1
E009.0;458;16;81;338;23;
E009.1;89;3;13;70;3;
E009.2;110;2;24;83;1;
E009.3;5;;;4;1;
E009.4;25;;4;21;;
E009.5;12;;;12;;
E009.9;323;10;65;237;11;
E010.0;264;8;46;197;11;2
E010.1;358;16;73;253;15;1
E010.2;1556;45;339;1097;68;7
E010.3;14;1;1;12;;
E010.9;1040;27;215;740;56;2
E011.0;42;;4;29;9;
E011.1;55;2;14;35;4;
E011.9;40;1;7;30;2;
E012.0;7;;3;4;;
E012.1;58;1;16;39;2;
E012.2;38;1;13;23;1;
E012.9;186;2;29;153;2;
E013.0;4902;38;916;3688;254;6
E013.1;347;2;52;283;10;
E013.2;90;1;12;71;6;
E013.3;32;1;7;23;1;
E013.4;681;5;125;499;49;3
E013.5;925;16;175;687;45;2
E013.8;2294;18;324;1885;64;3
E013.9;2285;21;366;1732;160;6
E014.0;48;;5;41;2;
E014.1;669;12;105;523;27;2
E014.9;1547;13;239;1230;64;1
E015.0;6299;33;1175;4796;289;6
E015.1;172;4;32;126;10;
E015.2;2042;21;427;1509;82;3
E015.9;1276;8;178;1031;59;
E016.0;157;5;32;111;9;
E016.1;4172;40;718;3185;226;3
E016.2;1135;7;201;870;56;1
E016.9;2234;19;391;1723;98;3
E017.0;69;2;19;41;7;
E017.9;2048;9;645;1273;116;5
E018.0;3;;1;2;;
E018.1;8;;1;7;;
E018.2;17;;3;13;1;
E018.3;5;1;1;3;;
E019.0;1716;23;299;1326;66;2
E019.1;7;;4;3;;
E019.2;74;;14;57;3;
E019.9;1579;6;199;1272;101;1
E029.0;49;;22;23;4;
E029.1;316;;42;256;18;
E029.2;5415;120;971;4012;305;7
E029.9;85301;515;14796;51151;18564;275
E030;71694;145;14099;51073;6250;127
E800.0;1;1;;;;
E800.8;4;1;;1;2;
E801.1;7;7;;;;
E801.2;1;1;;;;
E801.3;1;;;1;;
E802.8;1;1;;;;
E804.0;3;3;;;;
E804.1;58;57;1;;;
E804.2;2;2;;;;
E804.3;1;1;;;;
E804.8;2;2;;;;
E804.9;6;6;;;;
E805.1;2;2;;;;
E805.2;2;2;;;;
E805.3;3;3;;;;
E805.8;2;2;;;;
E805.9;2;2;;;;
E806.0;4;4;;;;
E806.1;14;12;1;1;;
E806.2;3;3;;;;
E806.8;1;;1;;;
E806.9;2;2;;;;
E807.0;1;;1;;;
E807.1;4;4;;;;
E807.2;2;2;;;;
E810.0;39;39;;;;
E810.1;30;30;;;;
E810.4;3;3;;;;
E810.6;1;1;;;;
E810.8;9;9;;;;
E810.9;2;2;;;;
E811.0;107;105;2;;;
E811.1;50;49;;1;;
E811.2;5;5;;;;
E811.6;1;1;;;;
E811.7;2;2;;;;
E811.9;1;1;;;;
E812.0;48027;47784;179;51;10;3
E812.1;24253;24176;66;9;1;1
E812.2;2011;2002;9;;;
E812.3;186;185;1;;;
E812.4;5;5;;;;
E812.5;4;3;1;;;
E812.6;581;576;3;;;2
E812.7;434;427;6;1;;
E812.8;190;190;;;;
E812.9;3530;3514;11;4;1;
E813.0;1510;1494;10;6;;
E813.1;683;682;1;;;
E813.2;252;251;;1;;
E813.3;11;11;;;;
E813.4;7;7;;;;
E813.5;2;2;;;;
E813.6;3381;3344;31;2;4;
E813.7;64;64;;;;
E813.8;98;97;1;;;
E813.9;84;83;;1;;
E814.0;45;44;1;;;
E814.1;40;40;;;;
E814.2;13;12;1;;;
E814.3;3;3;;;;
E814.4;1;1;;;;
E814.5;6;6;;;;
E814.6;367;361;5;1;;
E814.7;6049;5998;37;11;2;1
E814.8;93;90;2;1;;
E814.9;50;49;;;;1
E815.0;2508;2471;30;4;2;1
E815.1;752;745;6;;1;
E815.2;222;221;1;;;
E815.3;9;9;;;;
E815.4;1;1;;;;
E815.6;24;24;;;;
E815.7;29;29;;;;
E815.8;15;15;;;;
E815.9;72;71;;;1;
E816.0;5039;4992;31;14;1;1
E816.1;1930;1914;12;2;1;1
E816.2;2412;2404;6;1;;1
E816.3;79;79;;;;
E816.4;1;1;;;;
E816.5;1;1;;;;
E816.6;47;45;1;;1;
E816.7;28;26;2;;;
E816.8;24;24;;;;
E816.9;156;154;2;;;
E817.0;205;192;11;2;;
E817.1;982;948;30;2;1;1
E817.2;52;51;1;;;
E817.3;13;12;1;;;
E817.4;27;27;;;;
E817.5;1;1;;;;
E817.6;6;6;;;;
E817.7;19;19;;;;
E817.8;90;87;2;1;;
E817.9;579;543;31;2;2;1
E818.0;644;626;15;1;2;
E818.1;1026;1000;24;2;;
E818.2;1251;1236;13;;2;
E818.3;55;52;3;;;
E818.4;20;20;;;;
E818.6;82;79;3;;;
E818.7;340;337;3;;;
E818.8;288;283;4;1;;
E818.9;689;667;20;1;1;
E819.0;2665;2640;19;4;1;1
E819.1;1721;1714;5;2;;
E819.2;919;910;7;1;1;
E819.3;36;36;;;;
E819.4;6;6;;;;
E819.5;12;;11;;1;
E819.6;164;161;3;;;
E819.7;397;393;3;;;1
E819.8;135;127;7;;1;
E819.9;2352;2311;32;8;1;
E820.0;30;30;;;;
E820.1;5;5;;;;
E820.2;3;3;;;;
E820.3;3;3;;;;
E820.4;1;1;;;;
E820.7;2;2;;;;
E820.8;19;17;1;;;1
E820.9;10;10;;;;
E821.0;1296;1281;13;1;1;
E821.1;187;185;1;1;;
E821.2;1890;1867;17;6;;
E821.3;22;22;;;;
E821.5;1;1;;;;
E821.6;26;26;;;;
E821.7;59;58;1;;;
E821.8;107;105;2;;;
E821.9;284;278;5;;1;
E822.0;81;81;;;;
E822.1;33;33;;;;
E822.2;16;15;1;;;
E822.6;47;46;1;;;
E822.7;127;124;3;;;
E822.8;41;41;;;;
E822.9;17;17;;;;
E823.0;295;288;6;1;;
E823.1;74;72;2;;;
E823.2;74;73;1;;;
E823.3;1;1;;;;
E823.4;2;2;;;;
E823.6;11;11;;;;
E823.7;78;76;1;;;1
E823.8;33;31;2;;;
E823.9;13;13;;;;
E824.0;201;195;6;;;
E824.1;587;571;13;2;1;
E824.2;54;53;;;;1
E824.3;5;5;;;;
E824.4;3;3;;;;
E824.6;2;2;;;;
E824.7;6;6;;;;
E824.8;96;91;5;;;
E824.9;458;438;19;;1;
E825.0;495;486;9;;;
E825.1;196;183;10;3;;
E825.2;668;661;6;;1;
E825.3;18;18;;;;
E825.4;4;4;;;;
E825.6;33;33;;;;
E825.7;306;300;5;;1;
E825.8;199;195;4;;;
E825.9;218;213;5;;;
E826.0;427;418;8;1;;
E826.1;23092;22759;295;32;4;2
E826.2;21;20;1;;;
E826.3;2;2;;;;
E826.4;7;7;;;;
E826.8;132;128;2;2;;
E826.9;269;268;1;;;
E827.0;18;18;;;;
E827.3;3;3;;;;
E827.8;3;3;;;;
E828.0;12;11;1;;;
E828.2;2216;2188;23;5;;
E828.4;2;2;;;;
E828.8;29;28;;1;;
E828.9;59;58;1;;;
E829.0;49;49;;;;
E829.4;50;49;;;1;
E829.8;123;116;4;2;;1
E829.9;36;32;4;;;
E830.0;3;3;;;;
E830.1;2;2;;;;
E830.2;1;1;;;;
E830.9;3;3;;;;
E831.0;1;1;;;;
E831.1;13;12;1;;;
E831.2;7;7;;;;
E831.3;16;15;1;;;
E831.4;2;2;;;;
E831.5;1;1;;;;
E831.8;6;6;;;;
E831.9;6;5;1;;;
E832.0;5;5;;;;
E832.1;6;6;;;;
E832.2;1;1;;;;
E832.3;6;6;;;;
E832.4;1;1;;;;
E832.5;1;1;;;;
E832.8;3;3;;;;
E832.9;3;3;;;;
E833.1;2;2;;;;
E833.3;7;7;;;;
E833.7;1;1;;;;
E833.8;1;1;;;;
E833.9;3;3;;;;
E834.0;6;5;1;;;
E834.1;9;9;;;;
E834.2;7;7;;;;
E834.3;24;22;2;;;
E834.4;7;5;2;;;
E834.5;1;1;;;;
E834.6;1;1;;;;
E834.8;19;17;2;;;
E834.9;15;15;;;;
E835.0;7;7;;;;
E835.1;6;6;;;;
E835.2;2;2;;;;
E835.3;24;23;;1;;
E835.4;6;5;1;;;
E835.5;2;2;;;;
E835.8;10;10;;;;
E835.9;7;7;;;;
E836.0;2;2;;;;
E836.2;1;1;;;;
E836.3;1;1;;;;
E836.7;1;1;;;;
E836.8;2;2;;;;
E836.9;1;1;;;;
E837.8;2;2;;;;
E838.0;12;10;2;;;
E838.1;21;18;3;;;
E838.2;5;4;1;;;
E838.3;40;36;2;2;;
E838.4;10;10;;;;
E838.5;4;4;;;;
E838.8;15;14;1;;;
E838.9;31;30;1;;;
E840.3;2;1;1;;;
E840.5;6;6;;;;
E840.7;2;2;;;;
E840.8;1;;1;;;
E840.9;13;1;10;2;;
E841.1;1;1;;;;
E841.2;1;1;;;;
E841.3;5;3;2;;;
E841.4;1;1;;;;
E841.5;7;7;;;;
E841.8;3;3;;;;
E841.9;2;2;;;;
E842.6;3;2;1;;;
E842.9;2;2;;;;
E843.3;1;1;;;;
E843.4;1;1;;;;
E843.5;2;2;;;;
E843.6;2;1;1;;;
E843.7;1;1;;;;
E843.8;1;1;;;;
E843.9;5;3;2;;;
E844.0;4;4;;;;
E844.1;1;1;;;;
E844.2;4;4;;;;
E844.3;7;6;1;;;
E844.4;1;1;;;;
E844.5;1;1;;;;
E844.7;66;32;33;;1;
E844.8;1;1;;;;
E844.9;15;8;7;;;
E845.0;1;;1;;;
E845.9;8;1;7;;;
E846;26;19;6;;1;
E847;33;29;2;2;;
E848;705;685;15;4;1;
E849.0;340852;582;308060;19536;12301;373
E849.1;486;7;421;38;20;
E849.2;87;;72;6;9;
E849.3;31998;88;27579;2727;1578;26
E849.4;89690;606;75694;7059;6242;89
E849.5;120403;147;109067;6041;5072;76
E849.6;52837;195;46629;3739;2223;51
E849.7;26619;81;23935;1378;1147;78
E849.8;177573;488;152459;12674;11650;302
E849.9;392599;925;354037;21683;15582;372
E850.0;623;600;20;2;1;
E850.1;205;168;28;8;1;
E850.2;1336;1098;198;29;6;5
E850.3;161;138;15;6;2;
E850.4;1005;878;97;28;2;
E850.5;7;4;1;2;;
E850.6;479;428;39;7;4;1
E850.7;16;12;3;1;;
E850.8;79;70;8;;1;
E850.9;39;34;3;1;;1
E851;31;22;6;1;2;
E852.0;1;1;;;;
E852.2;2;1;1;;;
E852.5;1;1;;;;
E852.8;481;378;79;21;1;2
E852.9;250;218;25;6;1;
E853.0;23;20;3;;;
E853.1;27;25;1;1;;
E853.2;1385;1052;254;71;7;1
E853.8;427;349;54;17;5;2
E853.9;8;7;1;;;
E854.0;535;439;63;24;5;4
E854.1;760;667;57;29;5;2
E854.2;701;604;70;22;4;1
E854.3;200;168;26;5;1;
E854.8;37;30;4;2;1;
E855.0;383;310;48;13;11;1
E855.1;562;439;100;19;4;
E855.2;17;15;1;;;1
E855.3;12;12;;;;
E855.4;60;37;17;3;3;
E855.5;135;117;12;4;2;
E855.6;131;106;17;7;1;
E855.8;5;5;;;;
E855.9;31;29;1;1;;
E856;148;138;7;2;1;
E857;80;72;6;2;;
E858.0;1049;1004;31;12;2;
E858.1;650;559;65;20;5;1
E858.2;203;181;14;6;1;1
E858.3;713;600;74;30;8;1
E858.4;138;116;11;5;4;2
E858.5;148;113;23;6;3;3
E858.6;399;338;49;8;3;1
E858.7;314;307;3;3;1;
E858.8;840;811;18;9;2;
E858.9;809;789;16;3;1;
E860.0;714;459;188;52;12;3
E860.1;23;18;2;2;1;
E860.2;5;5;;;;
E860.3;54;53;1;;;
E860.4;3;1;2;;;
E860.8;10;7;3;;;
E860.9;193;137;35;18;2;1
E861.0;138;135;3;;;
E861.1;82;80;2;;;
E861.2;13;13;;;;
E861.3;212;206;6;;;
E861.4;72;68;4;;;
E861.6;34;34;;;;
E861.9;60;58;2;;;
E862.0;5;5;;;;
E862.1;76;76;;;;
E862.2;8;8;;;;
E862.3;3;3;;;;
E862.4;84;82;1;1;;
E862.9;12;12;;;;
E863.0;1;1;;;;
E863.1;1;1;;;;
E863.3;2;2;;;;
E863.4;99;97;2;;;
E863.5;7;7;;;;
E863.6;8;5;3;;;
E863.7;74;74;;;;
E863.9;5;4;1;;;
E864.0;22;21;1;;;
E864.1;53;48;5;;;
E864.2;35;30;5;;;
E864.3;426;409;14;3;;
E864.4;15;15;;;;
E865.1;53;52;1;;;
E865.2;35;35;;;;
E865.3;23;23;;;;
E865.4;949;937;6;4;;2
E865.5;90;90;;;;
E865.8;194;192;2;;;
E865.9;334;330;3;1;;
E866.0;2;2;;;;
E866.1;3;3;;;;
E866.3;1;1;;;;
E866.4;33;26;5;1;1;
E866.5;14;12;2;;;
E866.6;53;51;2;;;
E866.7;43;43;;;;
E866.8;234;231;1;2;;
E866.9;443;437;6;;;
E867;70;69;1;;;
E868.0;35;34;1;;;
E868.1;27;25;2;;;
E868.2;25;24;;1;;
E868.3;12;12;;;;
E868.8;78;75;3;;;
E868.9;128;127;1;;;
E869.0;2;2;;;;
E869.2;11;10;1;;;
E869.3;9;5;3;;;1
E869.4;823;720;16;37;12;38
E869.8;329;321;5;2;;1
E869.9;125;123;1;;;1
E870.0;14;14;;;;
E870.1;2;2;;;;
E870.2;4;3;1;;;
E870.3;3;2;;1;;
E870.4;5;5;;;;
E870.5;2;1;;1;;
E870.6;1;1;;;;
E870.8;35;27;3;4;1;
E870.9;5;3;;2;;
E871.0;7;7;;;;
E871.1;3;3;;;;
E871.3;5;5;;;;
E871.4;1;1;;;;
E871.8;15;15;;;;
E871.9;1;1;;;;
E873.2;1;;1;;;
E873.4;1;1;;;;
E873.5;14;12;1;;;1
E873.9;2;1;1;;;
E874.0;1;1;;;;
E874.1;1;1;;;;
E874.2;7;6;1;;;
E874.4;1;1;;;;
E874.8;3;3;;;;
E874.9;3;2;1;;;
E875.1;5;5;;;;
E876.1;1;1;;;;
E876.2;1;1;;;;
E876.6;1;1;;;;
E876.8;97;94;1;2;;
E876.9;51;51;;;;
E878.0;226;212;8;5;;1
E878.1;1204;1163;28;8;4;1
E878.2;549;545;3;1;;
E878.3;606;601;3;2;;
E878.4;184;182;1;1;;
E878.5;203;198;3;2;;
E878.6;939;929;6;3;1;
E878.8;6117;6038;50;20;1;8
E878.9;380;369;6;4;;1
E879.0;226;218;8;;;
E879.1;1168;1152;8;8;;
E879.2;257;241;10;4;2;
E879.3;3;3;;;;
E879.4;434;433;1;;;
E879.5;2;2;;;;
E879.6;2987;2921;52;10;3;1
E879.7;51;49;;1;1;
E879.8;7977;7863;70;26;13;5
E879.9;1812;1782;19;9;2;
E880.0;313;309;4;;;
E880.1;2195;2151;37;5;1;1
E880.9;19668;19315;299;37;12;5
E881.0;5160;5099;47;11;2;1
E881.1;76;76;;;;
E882;1097;1077;14;3;1;2
E883.0;272;266;5;1;;
E883.1;1;1;;;;
E883.2;21;20;;1;;
E883.9;678;663;15;;;
E884.0;8515;8467;42;6;;
E884.1;149;149;;;;
E884.2;8278;8207;60;8;1;2
E884.3;3509;3462;35;11;;1
E884.4;15102;14963;93;38;3;5
E884.5;4273;4237;29;4;3;
E884.6;1054;1039;9;5;1;
E884.9;19397;19095;268;27;7;
E885.0;3216;3190;23;2;;1
E885.1;1736;1720;10;6;;
E885.2;7893;7835;38;16;4;
E885.3;1379;1319;58;2;;
E885.4;3539;3479;56;4;;
E885.9;121418;120201;1007;178;21;11
E886.0;2470;2434;27;6;2;1
E886.9;1546;1506;34;5;1;
E887;2871;2823;23;18;4;3
E888.0;4553;4382;152;10;7;2
E888.1;30961;29200;1467;268;17;9
E888.8;25776;25276;409;66;18;7
E888.9;81315;80287;795;190;28;15
E890.0;2;2;;;;
E890.2;333;312;15;5;1;
E890.3;108;96;8;1;3;
E890.8;12;11;1;;;
E890.9;38;37;1;;;
E891.0;5;5;;;;
E891.2;67;61;4;2;;
E891.3;14;13;1;;;
E891.8;51;48;3;;;
E891.9;8;8;;;;
E892;110;103;5;;1;1
E893.0;20;19;;1;;
E893.1;2;2;;;;
E893.2;17;17;;;;
E893.8;21;20;1;;;
E893.9;18;17;1;;;
E894;343;331;9;1;2;
E895;228;214;10;3;;1
E896;62;56;6;;;
E897;257;249;7;1;;
E898.0;14;14;;;;
E898.1;234;227;4;2;1;
E899;832;800;24;6;2;
E900.0;1074;1054;14;6;;
E900.1;30;27;1;2;;
E900.9;331;316;12;2;1;
E901.0;211;198;5;4;1;3
E901.1;42;37;3;;2;
E901.8;83;74;6;3;;
E901.9;303;277;22;3;1;
E902.0;20;20;;;;
E902.1;43;43;;;;
E902.2;30;30;;;;
E902.8;33;31;2;;;
E902.9;108;101;4;3;;
E903;38;38;;;;
E904.0;47;41;4;1;1;
E904.1;79;78;;1;;
E904.2;1;1;;;;
E904.3;179;176;1;1;1;
E904.9;6;5;;;1;
E905.0;218;216;1;1;;
E905.1;1515;1498;13;3;;1
E905.2;54;53;;1;;
E905.3;5236;5198;25;10;2;1
E905.4;7;7;;;;
E905.5;659;650;6;2;;1
E905.6;301;298;;3;;
E905.7;576;565;7;3;1;
E905.8;49;49;;;;
E905.9;162;160;2;;;
E906.0;18498;18263;182;37;6;10
E906.1;177;176;1;;;
E906.2;92;92;;;;
E906.3;3387;3349;31;5;2;
E906.4;14058;13898;104;41;7;8
E906.5;303;302;1;;;
E906.8;2361;2223;118;14;3;3
E906.9;79;77;1;1;;
E907;13;12;1;;;
E908.1;8;8;;;;
E908.3;1;1;;;;
E908.4;1;1;;;;
E908.8;1;1;;;;
E908.9;5;5;;;;
E909.0;2;2;;;;
E909.1;19;19;;;;
E909.2;1;1;;;;
E909.3;1;1;;;;
E909.8;1;1;;;;
E910.0;20;20;;;;
E910.1;7;6;1;;;
E910.2;91;86;5;;;
E910.3;37;36;;1;;
E910.4;33;33;;;;
E910.8;230;220;8;2;;
E910.9;41;39;2;;;
E911;373;367;4;1;1;
E912;406;402;4;;;
E913.0;2;2;;;;
E913.2;3;3;;;;
E913.3;3;3;;;;
E913.8;28;28;;;;
E913.9;1;1;;;;
E914;7434;7353;58;16;5;2
E915;18858;18758;69;16;11;4
E916;16587;15390;1158;35;1;3
E917.0;32419;32104;246;61;6;2
E917.1;198;196;1;1;;
E917.2;71;65;6;;;
E917.3;9326;9152;146;20;7;1
E917.4;19747;19377;308;39;15;8
E917.5;4124;4089;30;4;1;
E917.6;101;98;3;;;
E917.7;1934;1860;65;6;1;2
E917.8;2791;2673;110;8;;
E917.9;66504;65515;864;85;28;12
E918;17467;17175;266;21;1;4
E919.0;62;58;3;;;1
E919.1;11;11;;;;
E919.2;306;290;16;;;
E919.3;262;246;11;4;1;
E919.4;1357;1338;15;3;1;
E919.5;32;31;1;;;
E919.6;85;79;4;2;;
E919.7;35;34;;1;;
E919.8;1240;1208;26;6;;
E919.9;328;317;9;1;;1
E920.0;153;151;1;1;;
E920.1;3816;3763;48;4;1;
E920.2;1096;1079;16;1;;
E920.3;19008;18795;186;21;4;2
E920.4;6102;5966;114;13;7;2
E920.5;2678;2659;12;6;1;
E920.8;51043;47024;3806;172;28;13
E920.9;4908;4584;311;10;2;1
E921.0;9;9;;;;
E921.1;14;14;;;;
E921.8;45;44;1;;;
E921.9;5;5;;;;
E922.0;141;139;1;1;;
E922.1;32;32;;;;
E922.2;15;15;;;;
E922.3;5;5;;;;
E922.4;634;627;7;;;
E922.5;19;19;;;;
E922.8;74;74;;;;
E922.9;488;485;2;1;;
E923.0;47;47;;;;
E923.1;4;4;;;;
E923.2;71;69;1;1;;
E923.8;44;38;6;;;
E923.9;42;41;1;;;
E924.0;5294;5235;43;13;3;
E924.1;1494;1454;27;8;3;2
E924.2;1239;1229;6;3;1;
E924.8;4490;4383;80;18;6;3
E924.9;433;422;10;;;1
E925.0;208;201;6;1;;
E925.1;22;22;;;;
E925.2;48;47;;1;;
E925.8;181;175;4;1;1;
E925.9;225;220;4;1;;
E926.1;23;23;;;;
E926.2;1193;1138;37;7;9;2
E926.3;2;2;;;;
E926.4;1;1;;;;
E926.8;4;4;;;;
E927.0;80281;78963;1152;127;28;11
E927.1;464;458;6;;;
E927.2;1056;1045;8;3;;
E927.3;4899;4867;22;7;2;1
E927.4;109;106;2;1;;
E927.8;9692;9529;140;20;3;
E927.9;2281;2252;22;4;2;1
E928.0;23;21;2;;;
E928.1;14;12;1;1;;
E928.2;3;3;;;;
E928.3;1390;1294;81;11;4;
E928.4;89;89;;;;
E928.5;424;399;24;1;;
E928.6;36;36;;;;
E928.7;122;120;2;;;
E928.8;35531;35149;269;83;22;8
E928.9;74637;74001;392;181;44;19
E929.0;1324;1238;24;42;15;5
E929.1;102;96;1;3;1;1
E929.2;16;15;1;;;
E929.3;1437;1404;16;8;4;5
E929.4;14;14;;;;
E929.5;34;32;2;;;
E929.8;1407;1369;19;12;4;3
E929.9;994;922;34;26;4;8
E930.0;1963;1926;29;6;2;
E930.1;39;36;3;;;
E930.2;1;1;;;;
E930.3;482;449;27;6;;
E930.4;263;240;19;4;;
E930.5;688;634;48;5;;1
E930.6;38;33;5;;;
E930.7;7;7;;;;
E930.8;1176;1121;42;9;2;2
E930.9;473;461;10;1;1;
E931.0;1226;1164;57;3;1;1
E931.2;1;;;1;;
E931.3;5;5;;;;
E931.4;14;14;;;;
E931.5;210;173;34;2;1;
E931.6;2;2;;;;
E931.7;152;143;9;;;
E931.8;20;19;1;;;
E931.9;420;393;23;4;;
E932.0;883;814;45;20;1;3
E932.1;6;6;;;;
E932.2;112;111;1;;;
E932.3;1945;1907;24;11;2;1
E932.4;12;12;;;;
E932.5;5;4;;1;;
E932.6;3;3;;;;
E932.7;41;39;2;;;
E932.8;35;33;1;;;1
E932.9;11;11;;;;
E933.0;478;431;37;7;3;
E933.1;943;898;27;8;4;6
E933.3;1;1;;;;
E933.4;5;5;;;;
E933.5;68;61;6;1;;
E933.7;1;1;;;;
E933.8;6;6;;;;
E933.9;1;1;;;;
E934.0;54;47;4;2;1;
E934.1;17;13;4;;;
E934.2;1616;1391;82;93;31;19
E934.3;3;3;;;;
E934.4;9;9;;;;
E934.5;10;9;1;;;
E934.6;24;23;1;;;
E934.7;5;5;;;;
E934.8;97;79;15;3;;
E934.9;2;1;1;;;
E935.0;12;12;;;;
E935.1;85;75;5;5;;
E935.2;2466;2196;179;57;22;12
E935.3;178;152;19;4;3;
E935.4;755;662;68;19;5;1
E935.5;5;5;;;;
E935.6;761;690;51;11;5;4
E935.7;115;104;7;3;;1
E935.8;225;208;12;4;1;
E935.9;195;179;9;5;;2
E936.0;2;2;;;;
E936.1;340;318;11;8;1;2
E936.2;1;1;;;;
E936.3;499;453;31;10;5;
E936.4;41;38;2;1;;
E937.0;37;29;6;2;;
E937.1;1;1;;;;
E937.3;1;;1;;;
E937.8;376;319;39;16;2;
E937.9;285;254;23;5;2;1
E938.0;137;110;22;5;;
E938.2;9;9;;;;
E938.3;37;27;5;5;;
E938.4;60;55;2;3;;
E938.5;95;83;8;1;2;1
E938.6;18;18;;;;
E938.7;21;21;;;;
E938.9;38;35;3;;;
E939.0;804;735;49;10;7;3
E939.1;144;135;8;1;;
E939.2;190;183;4;3;;
E939.3;586;535;36;10;3;2
E939.4;618;493;91;24;8;2
E939.5;34;24;7;3;;
E939.6;175;169;6;;;
E939.7;287;270;14;3;;
E939.8;69;63;6;;;
E939.9;17;16;;1;;
E940.0;1;;1;;;
E940.1;45;44;;1;;
E940.8;28;26;1;1;;
E940.9;16;16;;;;
E941.0;40;36;2;2;;
E941.1;84;71;8;5;;
E941.2;241;215;18;6;;2
E941.3;389;339;34;14;2;
E941.9;12;11;1;;;
E942.0;76;66;4;4;1;1
E942.1;119;106;7;6;;
E942.2;382;369;11;1;1;
E942.4;225;207;12;3;2;1
E942.5;57;53;2;1;;1
E942.6;689;634;35;14;2;4
E942.7;2;2;;;;
E942.8;1;1;;;;
E942.9;761;698;44;16;1;2
E943.0;90;83;7;;;
E943.1;9;7;1;1;;
E943.2;9;9;;;;
E943.3;53;52;;1;;
E943.4;1;1;;;;
E943.5;35;34;1;;;
E943.6;1;1;;;;
E943.8;52;46;3;2;1;
E943.9;1;1;;;;
E944.1;1;1;;;;
E944.2;8;6;2;;;
E944.3;294;249;28;13;2;2
E944.4;329;280;29;10;9;1
E944.5;37;30;5;2;;
E944.6;1;1;;;;
E944.7;31;26;4;;1;
E945.0;7;6;;1;;
E945.1;27;21;3;3;;
E945.2;150;124;21;2;3;
E945.3;23;22;;1;;
E945.4;121;108;8;3;1;1
E945.5;49;44;4;1;;
E945.6;3;3;;;;
E945.7;141;132;6;2;;1
E945.8;3;3;;;;
E946.0;170;157;10;2;;1
E946.1;22;16;6;;;
E946.2;7;7;;;;
E946.3;30;27;1;1;1;
E946.4;49;48;1;;;
E946.5;83;80;3;;;
E946.6;53;46;6;1;;
E946.7;4;4;;;;
E946.8;55;51;3;1;;
E946.9;35;35;;;;
E947.0;110;106;4;;;
E947.1;1;1;;;;
E947.3;10;9;1;;;
E947.4;3;3;;;;
E947.8;2519;2435;51;24;4;5
E947.9;12664;12479;100;48;17;20
E948.0;5;2;3;;;
E948.1;1;;1;;;
E948.4;44;40;1;2;1;
E948.5;4;3;;;;1
E948.6;43;42;1;;;
E948.8;39;32;7;;;
E948.9;9;6;2;;1;
E949.0;12;2;10;;;
E949.1;1;1;;;;
E949.3;3;2;1;;;
E949.4;15;5;8;2;;
E949.5;8;1;5;1;1;
E949.6;41;35;5;1;;
E949.7;3;2;1;;;
E949.9;241;227;9;4;1;
E950.0;3135;2669;382;71;12;1
E950.1;25;17;7;1;;
E950.2;610;452;125;28;5;
E950.3;3764;3214;472;68;8;2
E950.4;2446;1893;462;84;6;1
E950.5;503;488;9;3;3;
E950.6;26;24;1;;;1
E950.7;101;92;8;1;;
E950.8;1;1;;;;
E950.9;699;327;283;75;12;2
E951.0;2;2;;;;
E951.1;1;1;;;;
E952.0;22;20;2;;;
E952.1;4;3;1;;;
E952.8;19;19;;;;
E952.9;4;4;;;;
E953.0;310;301;5;3;1;
E953.1;7;7;;;;
E953.8;61;59;1;1;;
E953.9;11;11;;;;
E954;7;7;;;;
E955.0;40;40;;;;
E955.1;6;6;;;;
E955.2;1;1;;;;
E955.4;32;31;1;;;
E955.6;10;10;;;;
E955.9;13;13;;;;
E956;4524;4282;157;67;16;2
E957.0;24;24;;;;
E957.1;52;51;1;;;
E957.2;2;2;;;;
E957.9;13;12;1;;;
E958.0;66;66;;;;
E958.1;83;70;10;3;;
E958.2;1;1;;;;
E958.3;6;5;1;;;
E958.4;2;2;;;;
E958.5;17;15;1;1;;
E958.6;1;1;;;;
E958.7;4;4;;;;
E958.8;1122;1078;32;7;3;2
E958.9;291;281;4;6;;
E959;37;33;2;2;;
E960.0;27203;26503;596;58;20;26
E960.1;551;521;24;4;2;
E961;57;54;2;;;1
E962.0;43;39;2;;1;1
E962.1;33;31;2;;;
E962.2;36;30;3;2;;1
E962.9;4;2;2;;;
E963;194;145;39;7;3;
E964;6;5;;1;;
E965.0;276;272;2;2;;
E965.1;65;65;;;;
E965.2;2;2;;;;
E965.3;1;1;;;;
E965.4;926;923;3;;;
E965.6;2;2;;;;
E965.9;26;26;;;;
E966;3589;3507;73;9;;
E967.0;1485;1040;373;59;10;3
E967.1;369;240;106;17;1;5
E967.2;204;133;55;13;1;2
E967.3;1437;930;415;77;10;5
E967.4;188;130;47;9;1;1
E967.5;173;114;44;9;2;4
E967.6;22;14;5;2;;1
E967.7;159;106;43;7;1;2
E967.8;22;15;6;1;;
E967.9;336;192;133;10;1;
E968.0;27;25;1;1;;
E968.1;67;63;4;;;
E968.2;5459;5305;131;17;3;3
E968.3;38;38;;;;
E968.4;8;7;1;;;
E968.5;108;97;10;1;;
E968.6;75;74;1;;;
E968.7;1628;1394;186;37;7;4
E968.8;8254;7916;296;34;6;2
E968.9;8001;7855;120;22;3;1
E969;1274;1238;22;7;6;1
E970;148;140;6;2;;
E971;3;3;;;;
E972;34;26;7;;1;
E973;239;222;12;3;2;
E974;237;217;16;4;;
E975;3853;3502;299;39;11;2
E976;521;484;30;5;1;1
E977;120;111;6;2;1;
E978;67;59;3;4;;1
E979.3;3;3;;;;
E979.7;2;2;;;;
E979.8;3;3;;;;
E980.0;1213;1073;119;17;4;
E980.1;13;9;3;1;;
E980.2;200;170;26;3;1;
E980.3;1404;1232;142;23;3;4
E980.4;964;859;82;19;3;1
E980.5;428;410;13;4;;1
E980.6;48;46;2;;;
E980.7;20;20;;;;
E980.8;3;3;;;;
E980.9;796;678;84;22;11;1
E981.0;14;14;;;;
E981.1;9;9;;;;
E982.0;4;4;;;;
E982.1;32;31;;1;;
E982.8;43;43;;;;
E982.9;32;31;1;;;
E983.0;5;5;;;;
E983.1;1;1;;;;
E983.8;15;13;1;1;;
E983.9;6;5;1;;;
E984;8;8;;;;
E985.0;20;19;1;;;
E985.1;11;11;;;;
E985.2;1;1;;;;
E985.4;156;154;2;;;
E985.5;1;1;;;;
E985.6;21;21;;;;
E985.7;1;1;;;;
E986;184;172;12;;;
E987.0;53;53;;;;
E987.1;73;69;3;;1;
E987.2;14;14;;;;
E987.9;145;144;1;;;
E988.0;13;11;2;;;
E988.1;72;68;3;1;;
E988.2;12;11;1;;;
E988.3;92;87;3;1;1;
E988.4;2;2;;;;
E988.5;27;27;;;;
E988.6;1;;;;1;
E988.7;4;3;;1;;
E988.8;371;361;8;2;;
E988.9;1052;1038;11;3;;
E989;278;251;7;16;2;2
E990.0;1;1;;;;
E992.8;1;1;;;;
E992.9;1;1;;;;
E993.8;1;1;;;;
E995.2;1;1;;;;
E995.9;2;2;;;;
E998.1;1;1;;;;
E998.9;3;3;;;;
E999.0;23;20;1;1;;1
E999.1;1;1;;;;
